{
  "vault_sites": 36,
  "vault_samples": 3660,
  "pooled_nse": 0.16413867666779047,
  "log_nse": 0.8247570224301481,
  "spearman_rho": 0.9315607291028201,
  "mape_pct": 49.37458265062132,
  "within_2x_pct": 68.27868852459017,
  "bias_pct": -7.806776496640855,
  "rmse": 1293.7682305338153,
  "median_per_site_r2": 0.48631925782468316
}