{
  "all_data": {
    "n": 11026,
    "nse": 0.1967078872748036,
    "log_nse": 0.44502241720104274,
    "rmse": 265.1744131084022,
    "mape_pct": 103.12823322912128,
    "within_2x_pct": 48.28586976237983,
    "bias_pct": 58.8119934491533,
    "spearman_rho": 0.931030502471772,
    "mean_true": 39.99031362234718,
    "mean_pred": 63.509414250217866,
    "median_abs_error": 10.24063778663292
  },
  "ntu_below_400": {
    "n": 10955,
    "nse": 0.05966397332725515,
    "log_nse": 0.41731642435864447,
    "rmse": 78.81719107174412,
    "mape_pct": 103.15869559397946,
    "within_2x_pct": 48.2701962574167,
    "bias_pct": 69.82949582640163,
    "spearman_rho": 0.929708153341368,
    "mean_true": 31.139497763578273,
    "mean_pred": 52.88405205475859,
    "median_abs_error": 10.190683840362555
  },
  "ntu_above_400": {
    "n": 71,
    "nse": 0.06881626418769116,
    "log_nse": -0.6516217505144517,
    "rmse": 3156.1839998048963,
    "mape_pct": 95.01130588221815,
    "within_2x_pct": 50.70422535211267,
    "bias_pct": 21.152315894811473,
    "spearman_rho": 0.2068942829017937,
    "mean_true": 1405.6338028169014,
    "mean_pred": 1702.9579051129838,
    "median_abs_error": 977.8667407638409
  },
  "by_organization": {
    "42SRBCWQ_WQX": {
      "n": 494,
      "nse": 0.49860503609549034,
      "log_nse": -1.3859207335779429,
      "rmse": 16.03537890298662,
      "mape_pct": 427.0734074884681,
      "within_2x_pct": 11.336032388663968,
      "bias_pct": 123.1184589239893,
      "spearman_rho": 0.6711271883623324,
      "mean_true": 5.109392712550608,
      "mean_pred": 11.39999828061753,
      "median_abs_error": 5.514466208363922
    },
    "CEDEN": {
      "n": 200,
      "nse": -0.6261612167937916,
      "log_nse": -0.028310188551948556,
      "rmse": 489.1268907846363,
      "mape_pct": 158.2195129354231,
      "within_2x_pct": 32.5,
      "bias_pct": 121.83480137726332,
      "spearman_rho": 0.775812154655353,
      "mean_true": 209.253,
      "mean_pred": 464.19597692596477,
      "median_abs_error": 217.65821780627675
    },
    "UMC": {
      "n": 636,
      "nse": -24.989315598825378,
      "log_nse": -3.5944170821684542,
      "rmse": 19.128741384014827,
      "mape_pct": 628.9461148189739,
      "within_2x_pct": 1.4150943396226416,
      "bias_pct": 500.44495768155093,
      "spearman_rho": 0.7361288279083906,
      "mean_true": 2.821176100628931,
      "mean_pred": 16.939609643543413,
      "median_abs_error": 10.096135305998974
    },
    "UMRR_LTRM": {
      "n": 9625,
      "nse": 0.4408711374864711,
      "log_nse": 0.4701365996236655,
      "rmse": 45.407630289233424,
      "mape_pct": 92.19988238824463,
      "within_2x_pct": 53.589610389610385,
      "bias_pct": 59.375361672007365,
      "spearman_rho": 0.936072182955323,
      "mean_true": 30.645640519480523,
      "mean_pred": 48.84160041462532,
      "median_abs_error": 10.443237475612207
    }
  },
  "n_total": 11026,
  "n_below_400": 10955,
  "n_above_400": 71,
  "n_sites": 260,
  "n_watershed_matched": 63
}