{
  "label": "v10_clean_dualbcf_eval",
  "model_path": "data/results/models/ssc_C_sensor_basic_watershed_v10_clean_dualbcf.cbm",
  "meta_path": "data/results/models/ssc_C_sensor_basic_watershed_v10_clean_dualbcf_meta.json",
  "adaptation_method": "bayesian",
  "adaptation_params": {
    "k": 15.0,
    "df": 4.0,
    "slope_k": 10.0,
    "bcf_k_mult": 3.0,
    "n_trials": 50,
    "seed": 42,
    "split_modes": [
      "random",
      "temporal",
      "seasonal"
    ]
  },
  "holdout_sites": 76,
  "holdout_samples": 5829,
  "baselines": {
    "global_mean": {
      "nse": 0.0,
      "r2": 0.0,
      "log_nse": -0.6984799994196307,
      "kge": null,
      "rmse": 873.3985998931424,
      "mape_pct": 358.36307439624943,
      "frac_within_2x": 0.20192142734602847,
      "spearman_rho": null,
      "bias_pct": 0.0,
      "median_abs_error": 248.60147538171213,
      "n": 5829
    },
    "site_mean": {
      "nse": 0.2791039629418137,
      "r2": 0.2791039629418137,
      "log_nse": 0.07642006333383511,
      "kge": 0.33291957561746854,
      "rmse": 741.5642938167539,
      "mape_pct": 99.6891996891997,
      "frac_within_2x": 0.37261966031909416,
      "spearman_rho": 0.5592100875494939,
      "bias_pct": 0.0,
      "median_abs_error": 90.29166666666666,
      "n": 5829
    }
  },
  "zero_shot": {
    "pooled_nse": 0.2840207612378821,
    "pooled_log_nse": 0.7667582663785701,
    "pooled_kge": 0.2747691736637422,
    "pooled_rmse": 739.0310850307824,
    "pooled_mape_pct": 52.039169555342845,
    "pooled_frac_within_2x": 0.6344141362154744,
    "pooled_spearman_rho": 0.8938847546514822,
    "pooled_bias_pct": -21.683836813197814,
    "median_per_site_r2": 0.40903742921008795
  },
  "adaptation": {
    "random": {
      "curve": {
        "0": {
          "median_r2": 0.4090374292100879,
          "ci_lower_r2": 0.12031395651766534,
          "ci_upper_r2": 0.48025991919987,
          "median_nse": 0.4090374292100879,
          "median_log_nse": 0.6611427446837399,
          "median_kge": 0.4628792010664684,
          "median_rmse": 129.57456833807862,
          "median_mape": 56.828967082560624,
          "median_within_2x": 0.6498452012383902,
          "median_spearman": 0.8731831288002462,
          "median_bias": -4.352068382621447,
          "n_sites": 76
        },
        "1": {
          "median_r2": 0.3838949110421003,
          "ci_lower_r2": 0.27440756937118116,
          "ci_upper_r2": 0.41120171785557724,
          "median_nse": 0.3838949110421003,
          "median_log_nse": 0.7023137232132024,
          "median_kge": 0.34970941845035397,
          "median_rmse": 132.4099199362653,
          "median_mape": 42.31943209039015,
          "median_within_2x": 0.696969696969697,
          "median_spearman": 0.8711999628787988,
          "median_bias": -26.499616159871454,
          "n_sites": 71
        },
        "2": {
          "median_r2": 0.38470093678267225,
          "ci_lower_r2": 0.28648773669059674,
          "ci_upper_r2": 0.4860874297509538,
          "median_nse": 0.38470093678267225,
          "median_log_nse": 0.7252381202754333,
          "median_kge": 0.36718220698447246,
          "median_rmse": 137.92834275247088,
          "median_mape": 41.82005248369805,
          "median_within_2x": 0.71875,
          "median_spearman": 0.8666465812398096,
          "median_bias": -22.960633694692287,
          "n_sites": 69
        },
        "3": {
          "median_r2": 0.3936691782336121,
          "ci_lower_r2": 0.36302299412817013,
          "ci_upper_r2": 0.48754101866065036,
          "median_nse": 0.3936691782336121,
          "median_log_nse": 0.7303934057636042,
          "median_kge": 0.40949388957798655,
          "median_rmse": 124.12578376422046,
          "median_mape": 40.50707603641038,
          "median_within_2x": 0.75,
          "median_spearman": 0.8608848093498572,
          "median_bias": -22.364548127956027,
          "n_sites": 69
        },
        "5": {
          "median_r2": 0.42915694874030574,
          "ci_lower_r2": 0.38602007415950196,
          "ci_upper_r2": 0.5382547540583407,
          "median_nse": 0.42915694874030574,
          "median_log_nse": 0.7370245614600307,
          "median_kge": 0.4169285281297593,
          "median_rmse": 106.18857663726314,
          "median_mape": 40.95237895640798,
          "median_within_2x": 0.75,
          "median_spearman": 0.8690993659072906,
          "median_bias": -19.907045177852147,
          "n_sites": 69
        },
        "10": {
          "median_r2": 0.49194669896393384,
          "ci_lower_r2": 0.3686579988018276,
          "ci_upper_r2": 0.5876282362303049,
          "median_nse": 0.49194669896393384,
          "median_log_nse": 0.7454029816485818,
          "median_kge": 0.5273342808767976,
          "median_rmse": 136.76257260799116,
          "median_mape": 36.35998246682789,
          "median_within_2x": 0.7606998264893001,
          "median_spearman": 0.8713182156289763,
          "median_bias": -12.945897240007085,
          "n_sites": 64
        },
        "20": {
          "median_r2": 0.49092722249496157,
          "ci_lower_r2": 0.3663137596312308,
          "ci_upper_r2": 0.5917354584719565,
          "median_nse": 0.49092722249496157,
          "median_log_nse": 0.7531070635850854,
          "median_kge": 0.5643110446245165,
          "median_rmse": 139.655692301966,
          "median_mape": 36.22688190838947,
          "median_within_2x": 0.7646153846153847,
          "median_spearman": 0.8776704819502842,
          "median_bias": -9.287064904056393,
          "n_sites": 56
        },
        "30": {
          "median_r2": 0.4584713151272005,
          "ci_lower_r2": 0.37285723255890757,
          "ci_upper_r2": 0.5743422216106608,
          "median_nse": 0.4584713151272005,
          "median_log_nse": 0.72706824791576,
          "median_kge": 0.5444070359806711,
          "median_rmse": 118.86603721005007,
          "median_mape": 39.23175813527871,
          "median_within_2x": 0.75,
          "median_spearman": 0.8603558283801551,
          "median_bias": -6.0267829814597125,
          "n_sites": 50
        },
        "50": {
          "median_r2": 0.4432728740164494,
          "ci_lower_r2": 0.34198875114430377,
          "ci_upper_r2": 0.635844397383718,
          "median_nse": 0.4432728740164494,
          "median_log_nse": 0.7478590520103454,
          "median_kge": 0.5709471671881834,
          "median_rmse": 131.2793813766787,
          "median_mape": 38.249392225623595,
          "median_within_2x": 0.7368421052631579,
          "median_spearman": 0.876228729667887,
          "median_bias": -5.930687859040731,
          "n_sites": 37
        }
      }
    },
    "temporal": {
      "curve": {
        "0": {
          "median_r2": 0.4090374292100879,
          "ci_lower_r2": 0.12031395651766534,
          "ci_upper_r2": 0.48025991919987,
          "median_nse": 0.4090374292100879,
          "median_log_nse": 0.6611427446837399,
          "median_kge": 0.4628792010664684,
          "median_rmse": 129.57456833807862,
          "median_mape": 56.828967082560624,
          "median_within_2x": 0.6498452012383902,
          "median_spearman": 0.8731831288002462,
          "median_bias": -4.352068382621447,
          "n_sites": 76
        },
        "1": {
          "median_r2": 0.3748366320797559,
          "ci_lower_r2": 0.26833485141854907,
          "ci_upper_r2": 0.43160485787854597,
          "median_nse": 0.3748366320797559,
          "median_log_nse": 0.671755812910231,
          "median_kge": 0.348585480414191,
          "median_rmse": 132.2478193692693,
          "median_mape": 41.24958809508643,
          "median_within_2x": 0.7017543859649122,
          "median_spearman": 0.8689721905660459,
          "median_bias": -23.78801581656692,
          "n_sites": 71
        },
        "2": {
          "median_r2": 0.3629182324911365,
          "ci_lower_r2": 0.2649482029351252,
          "ci_upper_r2": 0.49612541793401954,