{
  "label": "v11_extreme_eval",
  "model_path": "data/results/models/ssc_C_sensor_basic_watershed_v11_extreme_expanded.cbm",
  "meta_path": "data/results/models/ssc_C_sensor_basic_watershed_v11_extreme_expanded_meta.json",
  "adaptation_method": "bayesian",
  "adaptation_params": {
    "k": 15.0,
    "df": 4.0,
    "slope_k": 10.0,
    "bcf_k_mult": 3.0,
    "n_trials": 50,
    "seed": 42,
    "split_modes": [
      "random",
      "temporal",
      "seasonal"
    ]
  },
  "holdout_sites": 78,
  "holdout_samples": 6026,
  "baselines": {
    "global_mean": {
      "nse": 0.0,
      "r2": 0.0,
      "log_nse": -0.6784489238273785,
      "kge": null,
      "rmse": 878.2984898316738,
      "mape_pct": 351.2096021407236,
      "frac_within_2x": 0.2090939263192831,
      "spearman_rho": null,
      "bias_pct": 1.9684386491028607e-14,
      "median_abs_error": 256.7741453700631,
      "n": 6026
    },
    "site_mean": {
      "nse": 0.27924967617975627,
      "r2": 0.27924967617975627,
      "log_nse": 0.1000208100160167,
      "kge": 0.3331145799844062,
      "rmse": 745.6492049139226,
      "mape_pct": 95.7225397550003,
      "frac_within_2x": 0.37852638566213076,
      "spearman_rho": 0.5730553485311939,
      "bias_pct": 0.0,
      "median_abs_error": 92.55271565495208,
      "n": 6026
    }
  },
  "zero_shot": {
    "pooled_nse": 0.30628121877112435,
    "pooled_log_nse": 0.8039569181510111,
    "pooled_kge": 0.18592311892459068,
    "pooled_rmse": 731.5328988968737,
    "pooled_mape_pct": 40.07430022558915,
    "pooled_frac_within_2x": 0.6996349153667442,
    "pooled_spearman_rho": 0.906496711211035,
    "pooled_bias_pct": -36.550157451413526,
    "median_per_site_r2": 0.40149661160979594
  },
  "adaptation": {
    "random": {
      "curve": {
        "0": {
          "median_r2": 0.40149661160979594,
          "ci_lower_r2": 0.2485266121096813,
          "ci_upper_r2": 0.4705849491538438,
          "median_nse": 0.40149661160979594,
          "median_log_nse": 0.7205879985040406,
          "median_kge": 0.38194820085073994,
          "median_rmse": 122.97565168034467,
          "median_mape": 39.62767177016297,
          "median_within_2x": 0.7242046539679349,
          "median_spearman": 0.8754860904573517,
          "median_bias": -21.432895135678077,
          "n_sites": 78
        },
        "1": {
          "median_r2": 0.412644125532461,
          "ci_lower_r2": 0.2995989863191473,
          "ci_upper_r2": 0.48356440553436575,
          "median_nse": 0.412644125532461,
          "median_log_nse": 0.7417291612467721,
          "median_kge": 0.3794123732957807,
          "median_rmse": 126.05082817972553,
          "median_mape": 40.459186262908354,
          "median_within_2x": 0.7222222222222222,
          "median_spearman": 0.8772916618289437,
          "median_bias": -17.622117149849586,
          "n_sites": 73
        },
        "2": {
          "median_r2": 0.41270954923423203,
          "ci_lower_r2": 0.3113133398033496,
          "ci_upper_r2": 0.5067222271825141,
          "median_nse": 0.41270954923423203,
          "median_log_nse": 0.7470877065766722,
          "median_kge": 0.3830522552950014,
          "median_rmse": 131.952328327036,
          "median_mape": 38.79483054879785,
          "median_within_2x": 0.7419354838709677,
          "median_spearman": 0.8719552172508068,
          "median_bias": -18.03534914213761,
          "n_sites": 71
        },
        "3": {
          "median_r2": 0.42644646863496344,
          "ci_lower_r2": 0.3444572130526652,
          "ci_upper_r2": 0.5051837455992327,
          "median_nse": 0.42644646863496344,
          "median_log_nse": 0.7550090657534065,
          "median_kge": 0.42568338421417334,
          "median_rmse": 128.40899162669942,
          "median_mape": 38.31670672151206,
          "median_within_2x": 0.7580645161290323,
          "median_spearman": 0.8710528227923073,
          "median_bias": -15.849340657931018,
          "n_sites": 71
        },
        "5": {
          "median_r2": 0.4501676804378538,
          "ci_lower_r2": 0.36277016660731226,
          "ci_upper_r2": 0.5253154492425189,
          "median_nse": 0.4501676804378538,
          "median_log_nse": 0.7513593465817954,
          "median_kge": 0.4374777218477665,
          "median_rmse": 121.07913621535324,
          "median_mape": 37.48720226973254,
          "median_within_2x": 0.7552083333333334,
          "median_spearman": 0.8719024811981435,
          "median_bias": -14.072093633151415,
          "n_sites": 71
        },
        "10": {
          "median_r2": 0.4925330358868367,
          "ci_lower_r2": 0.41403642137948826,
          "ci_upper_r2": 0.5598144288100659,
          "median_nse": 0.4925330358868367,
          "median_log_nse": 0.7569217713050539,
          "median_kge": 0.5166113291074783,
          "median_rmse": 136.14121399014556,
          "median_mape": 34.56782362230034,
          "median_within_2x": 0.7647058823529411,
          "median_spearman": 0.8776223776223777,
          "median_bias": -12.010608622321946,
          "n_sites": 65
        },
        "20": {
          "median_r2": 0.4983700422460775,
          "ci_lower_r2": 0.3832871206515496,
          "ci_upper_r2": 0.596920175647303,
          "median_nse": 0.4983700422460775,
          "median_log_nse": 0.7747574974366482,
          "median_kge": 0.5437001163756205,
          "median_rmse": 138.57876952558115,
          "median_mape": 37.2128252216102,
          "median_within_2x": 0.770979020979021,
          "median_spearman": 0.8788399422766442,
          "median_bias": -8.618566728563783,
          "n_sites": 56
        },
        "30": {
          "median_r2": 0.4783032543915671,
          "ci_lower_r2": 0.38242127416670424,
          "ci_upper_r2": 0.5861832104109187,
          "median_nse": 0.4783032543915671,
          "median_log_nse": 0.7368671330969456,
          "median_kge": 0.5602809961623075,
          "median_rmse": 122.76610601714009,
          "median_mape": 40.710211830004,
          "median_within_2x": 0.7508620689655172,
          "median_spearman": 0.8750785652925178,
          "median_bias": -6.13496578389617,
          "n_sites": 50
        },
        "50": {
          "median_r2": 0.49738974128758534,
          "ci_lower_r2": 0.37057609722337903,
          "ci_upper_r2": 0.6291169817620682,
          "median_nse": 0.49738974128758534,
          "median_log_nse": 0.7593605161836741,
          "median_kge": 0.5575286866990941,
          "median_rmse": 140.99049472106947,
          "median_mape": 40.338027265776375,
          "median_within_2x": 0.744,
          "median_spearman": 0.877321795011933,
          "median_bias": -5.564693004202161,
          "n_sites": 37
        }
      }
    },
    "temporal": {
      "curve": {
        "0": {
          "median_r2": 0.40149661160979594,
          "ci_lower_r2": 0.2485266121096813,
          "ci_upper_r2": 0.4705849491538438,
          "median_nse": 0.40149661160979594,
          "median_log_nse": 0.7205879985040406,
          "median_kge": 0.38194820085073994,
          "median_rmse": 122.97565168034467,
          "median_mape": 39.62767177016297,
          "median_within_2x": 0.7242046539679349,
          "median_spearman": 0.8754860904573517,
          "median_bias": -21.432895135678077,
          "n_sites": 78
        },
        "1": {
          "median_r2": 0.4141635809736164,
          "ci_lower_r2": 0.28630437146340904,
          "ci_upper_r2": 0.4814160244823632,
          "median_nse": 0.4141635809736164,
          "median_log_nse": 0.7226485162622049,
          "median_kge": 0.4064470489055507,
          "median_rmse": 126.2715521760423,
          "median_mape": 41.04822435853751,
          "median_within_2x": 0.75,
          "median_spearman": 0.8753803773338571,
          "median_bias": -18.63107786550864,
          "n_sites": 73
        },
        "2": {
          "median_r2": 0.40341178982632575,
          "ci_lower_r2": 0.27769772182952923,