{
  "label": "v4_bayesian",
  "model_path": "data/results/models/ssc_C_v4_boxcox02.cbm",
  "meta_path": "data/results/models/ssc_C_v4_boxcox02_meta.json",
  "adaptation_method": "bayesian",
  "adaptation_params": {
    "k": 15.0,
    "n_trials": 50,
    "seed": 42
  },
  "holdout_sites": 76,
  "holdout_samples": 5847,
  "zero_shot": {
    "pooled_r2": 0.6650728766069034,
    "pooled_kge": 0.6762605970133257,
    "pooled_rmse": 505.0114420254859,
    "pooled_mape_pct": 127.7059513768761,
    "pooled_frac_within_2x": 0.6221994185052163,
    "median_per_site_r2": 0.336923036405845
  },
  "adaptation_curve": {
    "0": {
      "median_r2": 0.336923036405845,
      "q25_r2": -0.07309674255029508,
      "q75_r2": 0.6277017810320749,
      "median_kge": 0.44981581938021264,
      "median_rmse": 126.79259222590912,
      "n_sites": 76
    },
    "1": {
      "median_r2": 0.3513538492446794,
      "q25_r2": -0.06031521967112391,
      "q75_r2": 0.6179892797875448,
      "median_kge": 0.4472488015310622,
      "median_rmse": 132.5541060003295,
      "n_sites": 71
    },
    "2": {
      "median_r2": 0.36836294461760377,
      "q25_r2": -0.05986365129860871,
      "q75_r2": 0.6197323141297757,
      "median_kge": 0.45565736255569467,
      "median_rmse": 139.5955977689003,
      "n_sites": 69
    },
    "3": {
      "median_r2": 0.3783218033205607,
      "q25_r2": -0.06370822592846215,
      "q75_r2": 0.6321004981870073,
      "median_kge": 0.46056276290146325,
      "median_rmse": 142.37999436309804,
      "n_sites": 69
    },
    "5": {
      "median_r2": 0.3742736892927161,
      "q25_r2": -0.09758532294638789,
      "q75_r2": 0.626994503919716,
      "median_kge": 0.44805395714178603,
      "median_rmse": 147.75576490684102,
      "n_sites": 69
    },
    "10": {
      "median_r2": 0.3930447300619456,
      "q25_r2": -0.04652079676292986,
      "q75_r2": 0.6295860115562331,
      "median_kge": 0.4781977387888486,
      "median_rmse": 154.96592135200646,
      "n_sites": 65
    },
    "20": {
      "median_r2": 0.39621838427471123,
      "q25_r2": 0.05582105369570209,
      "q75_r2": 0.5975842389546298,
      "median_kge": 0.4732585013935985,
      "median_rmse": 170.6291422694391,
      "n_sites": 56
    },
    "30": {
      "median_r2": 0.3442678229369937,
      "q25_r2": 0.0471334775901681,
      "q75_r2": 0.5685880860051249,
      "median_kge": 0.4386218229774914,
      "median_rmse": 165.8560701358225,
      "n_sites": 50
    },
    "50": {
      "median_r2": 0.45063665749080806,
      "q25_r2": 0.15130395060687002,
      "q75_r2": 0.5760718850916867,
      "median_kge": 0.4914661002803972,
      "median_rmse": 134.76492379430266,
      "n_sites": 37
    }
  },
  "transform_type": "boxcox",
  "transform_lmbda": 0.2,
  "bcf": 1.3643536568085741,
  "timestamp": "2026-03-29T23:26:31.298969+00:00"
}