{
  "label": "v4_full_eval",
  "model_path": "data/results/models/ssc_C_sensor_basic_watershed.cbm",
  "meta_path": "data/results/models/ssc_C_sensor_basic_watershed_meta.json",
  "adaptation_method": "bayesian",
  "adaptation_params": {
    "k": 15,
    "df": 4,
    "slope_k": 10,
    "bcf_k_mult": 3.0,
    "n_trials": 50,
    "seed": 42,
    "split_modes": [
      "random",
      "temporal",
      "seasonal"
    ]
  },
  "holdout_sites": 76,
  "holdout_samples": 5847,
  "baselines": {
    "global_mean": {
      "nse": 0.0,
      "r2": 0.0,
      "log_nse": -0.6985739946953802,
      "kge": null,
      "rmse": 872.6217998027257,
      "mape_pct": 358.39031926138387,
      "frac_within_2x": 0.20147083974687874,
      "spearman_rho": null,
      "bias_pct": -2.0328948636798127e-14,
      "median_abs_error": 249.61809474944414,
      "n": 5847
    },
    "site_mean": {
      "nse": 0.2788955902991641,
      "r2": 0.2788955902991641,
      "log_nse": 0.07672258866145132,
      "kge": 0.3326406272772867,
      "rmse": 741.0118173748317,
      "mape_pct": 99.83164983164983,
      "frac_within_2x": 0.37181460578074227,
      "spearman_rho": 0.5595071083755504,
      "bias_pct": 0.0,
      "median_abs_error": 90.46875,
      "n": 5847
    }
  },
  "zero_shot": {
    "pooled_nse": 0.6483917386525478,
    "pooled_log_nse": 0.7661333450770251,
    "pooled_kge": 0.6517784166530836,
    "pooled_rmse": 517.434752185233,
    "pooled_mape_pct": 60.26215752195917,
    "pooled_frac_within_2x": 0.6069779374037968,
    "pooled_spearman_rho": 0.9073576318987975,
    "pooled_bias_pct": 0.8304332561836306,
    "median_per_site_r2": 0.31658726549857746
  },
  "adaptation": {
    "random": {
      "curve": {
        "0": {
          "median_r2": 0.3165872654985774,
          "ci_lower_r2": 0.14848605395643727,
          "ci_upper_r2": 0.48828564900737237,
          "median_nse": 0.3165872654985774,
          "median_log_nse": 0.6128359570200574,
          "median_kge": 0.45100009885244696,
          "median_rmse": 122.98499688519186,
          "median_mape": 57.74148555044216,
          "median_within_2x": 0.6241016652059597,
          "median_spearman": 0.8656745418500077,
          "median_bias": 9.007480618811947,
          "n_sites": 76
        },
        "1": {
          "median_r2": 0.48595099141427467,
          "ci_lower_r2": 0.40416342805928984,
          "ci_upper_r2": 0.5498404867160936,
          "median_nse": 0.48595099141427467,
          "median_log_nse": 0.7106881930618452,
          "median_kge": 0.4893425130695172,
          "median_rmse": 125.43494239682329,
          "median_mape": 43.75789541393513,
          "median_within_2x": 0.7047619047619048,
          "median_spearman": 0.8719298245614034,
          "median_bias": -17.849824084773275,
          "n_sites": 71
        },
        "2": {
          "median_r2": 0.4915727725136043,
          "ci_lower_r2": 0.4101060540162308,
          "ci_upper_r2": 0.5416040900691663,
          "median_nse": 0.4915727725136043,
          "median_log_nse": 0.7152134203401082,
          "median_kge": 0.48827975637881155,
          "median_rmse": 131.3696479448561,
          "median_mape": 41.741129071860534,
          "median_within_2x": 0.7181818181818181,
          "median_spearman": 0.8679050567595459,
          "median_bias": -22.29166917526058,
          "n_sites": 69
        },
        "3": {
          "median_r2": 0.49327148207503957,
          "ci_lower_r2": 0.4118836182535714,
          "ci_upper_r2": 0.5455994165972512,
          "median_nse": 0.49327148207503957,
          "median_log_nse": 0.7132382220770648,
          "median_kge": 0.5202578509322784,
          "median_rmse": 126.11176742740983,
          "median_mape": 38.616807957750936,
          "median_within_2x": 0.7479674796747967,
          "median_spearman": 0.8582685112490807,
          "median_bias": -19.040974633728382,
          "n_sites": 69
        },
        "5": {
          "median_r2": 0.5150141298039782,
          "ci_lower_r2": 0.42553934464375387,
          "ci_upper_r2": 0.5612247900269578,
          "median_nse": 0.5150141298039782,
          "median_log_nse": 0.7174734474917555,
          "median_kge": 0.5210093738979247,
          "median_rmse": 127.22475138973093,
          "median_mape": 39.1438324154165,
          "median_within_2x": 0.75,
          "median_spearman": 0.8642857142857141,
          "median_bias": -13.901674381876894,
          "n_sites": 69
        },
        "10": {
          "median_r2": 0.5121802877683796,
          "ci_lower_r2": 0.42778286369284196,
          "ci_upper_r2": 0.595762550282237,
          "median_nse": 0.5121802877683796,
          "median_log_nse": 0.7265533423408561,
          "median_kge": 0.5580580762833112,
          "median_rmse": 104.55324908991383,
          "median_mape": 38.22988493809065,
          "median_within_2x": 0.7708333333333333,
          "median_spearman": 0.8734717317183542,
          "median_bias": -10.510236947524701,
          "n_sites": 65
        },
        "20": {
          "median_r2": 0.5032934978702334,
          "ci_lower_r2": 0.4400008766116343,
          "ci_upper_r2": 0.6076281141132531,
          "median_nse": 0.5032934978702334,
          "median_log_nse": 0.732954877703154,
          "median_kge": 0.5541665271037044,
          "median_rmse": 118.62842059070435,
          "median_mape": 38.994256037436884,
          "median_within_2x": 0.7596153846153846,
          "median_spearman": 0.8772864252506438,
          "median_bias": -9.724836396489849,
          "n_sites": 56
        },
        "30": {
          "median_r2": 0.4814578344210802,
          "ci_lower_r2": 0.3537689836805734,
          "ci_upper_r2": 0.6265323375146472,
          "median_nse": 0.4814578344210802,
          "median_log_nse": 0.7069567103753537,
          "median_kge": 0.5782686746091372,
          "median_rmse": 133.833629374545,
          "median_mape": 40.28031705317753,
          "median_within_2x": 0.7459677419354839,
          "median_spearman": 0.8618515359509036,
          "median_bias": -6.459958295371992,
          "n_sites": 50
        },
        "50": {
          "median_r2": 0.48452297186275595,
          "ci_lower_r2": 0.34044323618453104,
          "ci_upper_r2": 0.6297267056180093,
          "median_nse": 0.48452297186275595,
          "median_log_nse": 0.6935900320102887,
          "median_kge": 0.573957084737386,
          "median_rmse": 133.63245845539842,
          "median_mape": 39.3406288869923,
          "median_within_2x": 0.7380952380952381,
          "median_spearman": 0.8714107794746699,
          "median_bias": -4.336423726823313,
          "n_sites": 37
        }
      }
    },
    "temporal": {
      "curve": {
        "0": {
          "median_r2": 0.3165872654985774,
          "ci_lower_r2": 0.14848605395643727,
          "ci_upper_r2": 0.48828564900737237,
          "median_nse": 0.3165872654985774,
          "median_log_nse": 0.6128359570200574,
          "median_kge": 0.45100009885244696,
          "median_rmse": 122.98499688519186,
          "median_mape": 57.74148555044216,
          "median_within_2x": 0.6241016652059597,
          "median_spearman": 0.8656745418500077,
          "median_bias": 9.007480618811947,
          "n_sites": 76
        },
        "1": {
          "median_r2": 0.48964280077488154,
          "ci_lower_r2": 0.392399992901338,
          "ci_upper_r2": 0.5731223334543201,
          "median_nse": 0.48964280077488154,
          "median_log_nse": 0.7116566764250991,
          "median_kge": 0.4686423293995996,
          "median_rmse": 126.46538194992316,
          "median_mape": 43.36303369643471,
          "median_within_2x": 0.736,
          "median_spearman": 0.8736442571183459,
          "median_bias": -18.911339580243986,
          "n_sites": 71
        },
        "2": {
          "median_r2": 0.4879236990394239,
          "ci_lower_r2": 0.39280647135768054,
          "ci_upper_r2": 0.5382902193081931,