{
  "label": "v4_old2param",
  "model_path": "data/results/models/ssc_C_v4_boxcox02.cbm",
  "meta_path": "data/results/models/ssc_C_v4_boxcox02_meta.json",
  "adaptation_method": "old_2param",
  "adaptation_params": {
    "k": 30,
    "n_trials": 50,
    "seed": 42
  },
  "holdout_sites": 76,
  "holdout_samples": 5847,
  "zero_shot": {
    "pooled_r2": 0.6650728766069034,
    "pooled_kge": 0.6762605970133257,
    "pooled_rmse": 505.0114420254859,
    "pooled_mape_pct": 127.7059513768761,
    "pooled_frac_within_2x": 0.6221994185052163,
    "median_per_site_r2": 0.336923036405845
  },
  "adaptation_curve": {
    "0": {
      "median_r2": 0.336923036405845,
      "q25_r2": -0.07309674255029508,
      "q75_r2": 0.6277017810320749,
      "median_kge": 0.44981581938021264,
      "median_rmse": 126.79259222590912,
      "n_sites": 76
    },
    "1": {
      "median_r2": 0.45471213215327355,
      "q25_r2": 0.16675576466639533,
      "q75_r2": 0.6621555627459034,
      "median_kge": 0.41581571416221486,
      "median_rmse": 135.8816587418965,
      "n_sites": 71
    },
    "2": {
      "median_r2": 0.03135354622820946,
      "q25_r2": -0.18943891731144813,
      "q75_r2": 0.3668069853519285,
      "median_kge": 0.06388602687098788,
      "median_rmse": 178.6796791992599,
      "n_sites": 69
    },
    "3": {
      "median_r2": 0.20808901737031205,
      "q25_r2": -0.01945371878781932,
      "q75_r2": 0.5353821829085709,
      "median_kge": 0.24503177404688392,
      "median_rmse": 148.7978721192683,
      "n_sites": 69
    },
    "5": {
      "median_r2": 0.34730013996898845,
      "q25_r2": 0.09843951840931481,
      "q75_r2": 0.686639655164775,
      "median_kge": 0.42377953429786547,
      "median_rmse": 108.70143388776222,
      "n_sites": 69
    },
    "10": {
      "median_r2": 0.4825116010694018,
      "q25_r2": 0.15240812417976501,
      "q75_r2": 0.6991441722410489,
      "median_kge": 0.5104174916632295,
      "median_rmse": 134.4681398587581,
      "n_sites": 65
    },
    "20": {
      "median_r2": 0.460330302444834,
      "q25_r2": 0.2817975060880495,
      "q75_r2": 0.7301756799942106,
      "median_kge": 0.5235519040299815,
      "median_rmse": 142.16452175892434,
      "n_sites": 56
    },
    "30": {
      "median_r2": 0.4758035337525449,
      "q25_r2": 0.25995228733032566,
      "q75_r2": 0.7382201513169729,
      "median_kge": 0.556747984060365,
      "median_rmse": 137.6196426437959,
      "n_sites": 50
    },
    "50": {
      "median_r2": 0.46473283561651935,
      "q25_r2": 0.2241828062858054,
      "q75_r2": 0.7331382753423981,
      "median_kge": 0.5623912976766718,
      "median_rmse": 135.1421048731931,
      "n_sites": 37
    }
  },
  "transform_type": "boxcox",
  "transform_lmbda": 0.2,
  "bcf": 1.3643536568085741,
  "timestamp": "2026-03-29T23:26:53.604008+00:00"
}