{
  "label": "v4_ols_comparison",
  "model_path": "data/results/models/ssc_C_sensor_basic_watershed.cbm",
  "meta_path": "data/results/models/ssc_C_sensor_basic_watershed_meta.json",
  "adaptation_method": "ols",
  "adaptation_params": {
    "k": 15,
    "df": 4,
    "slope_k": 10,
    "bcf_k_mult": 3.0,
    "n_trials": 50,
    "seed": 42,
    "split_modes": [
      "random",
      "temporal",
      "seasonal"
    ]
  },
  "holdout_sites": 76,
  "holdout_samples": 5847,
  "baselines": {
    "global_mean": {
      "nse": 0.0,
      "r2": 0.0,
      "log_nse": -0.6985739946953802,
      "kge": null,
      "rmse": 872.6217998027257,
      "mape_pct": 358.39031926138387,
      "frac_within_2x": 0.20147083974687874,
      "spearman_rho": null,
      "bias_pct": -2.0328948636798127e-14,
      "median_abs_error": 249.61809474944414,
      "n": 5847
    },
    "site_mean": {
      "nse": 0.2788955902991641,
      "r2": 0.2788955902991641,
      "log_nse": 0.07672258866145132,
      "kge": 0.3326406272772867,
      "rmse": 741.0118173748317,
      "mape_pct": 99.83164983164983,
      "frac_within_2x": 0.37181460578074227,
      "spearman_rho": 0.5595071083755504,
      "bias_pct": 0.0,
      "median_abs_error": 90.46875,
      "n": 5847
    }
  },
  "zero_shot": {
    "pooled_nse": 0.6483917386525478,
    "pooled_log_nse": 0.7661333450770251,
    "pooled_kge": 0.6517784166530836,
    "pooled_rmse": 517.434752185233,
    "pooled_mape_pct": 60.26215752195917,
    "pooled_frac_within_2x": 0.6069779374037968,
    "pooled_spearman_rho": 0.9073576318987975,
    "pooled_bias_pct": 0.8304332561836306,
    "median_per_site_r2": 0.31658726549857746
  },
  "adaptation": {
    "random": {
      "curve": {
        "0": {
          "median_r2": null,
          "ci_lower_r2": null,
          "ci_upper_r2": null,
          "median_nse": null,
          "median_log_nse": null,
          "median_kge": null,
          "median_rmse": null,
          "median_mape": null,
          "median_within_2x": null,
          "median_spearman": null,
          "median_bias": null,
          "n_sites": 0
        },
        "1": {
          "median_r2": 0.3221943888970099,
          "ci_lower_r2": 0.1945488557720692,
          "ci_upper_r2": 0.45972836791527605,
          "median_nse": 0.3221943888970099,
          "median_log_nse": 0.6083351984615597,
          "median_kge": 0.3212699398452,
          "median_rmse": 115.31807539578443,
          "median_mape": 43.58094519859226,
          "median_within_2x": 0.6666666666666666,
          "median_spearman": 0.8479441117136562,
          "median_bias": -16.230315352231024,
          "n_sites": 71
        },
        "2": {
          "median_r2": -0.1219844912751924,
          "ci_lower_r2": -0.306689499196513,
          "ci_upper_r2": -0.0013965480531585306,
          "median_nse": -0.1219844912751924,
          "median_log_nse": 0.2830730595861212,
          "median_kge": -0.13385118476126445,
          "median_rmse": 177.980374540375,
          "median_mape": 62.371748043136805,
          "median_within_2x": 0.5286624203821656,
          "median_spearman": 0.8331304077060078,
          "median_bias": -0.3919362415217523,
          "n_sites": 69
        },
        "3": {
          "median_r2": 0.16737044802679923,
          "ci_lower_r2": 0.02078104940989889,
          "ci_upper_r2": 0.32503110204195573,
          "median_nse": 0.16737044802679923,
          "median_log_nse": 0.5249282784185775,
          "median_kge": 0.15008209082973423,
          "median_rmse": 162.49792279558704,
          "median_mape": 48.129814985075726,
          "median_within_2x": 0.6333333333333333,
          "median_spearman": 0.8350428119004609,
          "median_bias": -8.646405943319,
          "n_sites": 69
        },
        "5": {
          "median_r2": 0.3320014725451655,
          "ci_lower_r2": 0.17669703327383635,
          "ci_upper_r2": 0.4231768369668124,
          "median_nse": 0.3320014725451655,
          "median_log_nse": 0.6380147842970303,
          "median_kge": 0.27220845062922766,
          "median_rmse": 134.7342325357477,
          "median_mape": 43.292109575624664,
          "median_within_2x": 0.6948051948051948,
          "median_spearman": 0.8359523232856568,
          "median_bias": -14.271095576455725,
          "n_sites": 69
        },
        "10": {
          "median_r2": 0.4062396791596614,
          "ci_lower_r2": 0.33537484395059564,
          "ci_upper_r2": 0.47652026242413636,
          "median_nse": 0.4062396791596614,
          "median_log_nse": 0.6835084219118572,
          "median_kge": 0.4048231130951319,
          "median_rmse": 124.75247372931796,
          "median_mape": 40.24642658703008,
          "median_within_2x": 0.75,
          "median_spearman": 0.8561909449816187,
          "median_bias": -19.535558152536954,
          "n_sites": 65
        },
        "20": {
          "median_r2": 0.40571282700409794,
          "ci_lower_r2": 0.33894045351357793,
          "ci_upper_r2": 0.5299396923729345,
          "median_nse": 0.40571282700409794,
          "median_log_nse": 0.7134402952713519,
          "median_kge": 0.45622074077383534,
          "median_rmse": 131.62134302644887,
          "median_mape": 38.78223534365308,
          "median_within_2x": 0.75,
          "median_spearman": 0.866995414379633,
          "median_bias": -21.225561961481162,
          "n_sites": 56
        },
        "30": {
          "median_r2": 0.3811321409120649,
          "ci_lower_r2": 0.3265331990490305,
          "ci_upper_r2": 0.5258383445436451,
          "median_nse": 0.3811321409120649,
          "median_log_nse": 0.655755964179357,
          "median_kge": 0.4360021910516966,
          "median_rmse": 144.54848559270374,
          "median_mape": 39.497406524782335,
          "median_within_2x": 0.7464285714285714,
          "median_spearman": 0.840001145061081,
          "median_bias": -17.803615949697544,
          "n_sites": 50
        },
        "50": {
          "median_r2": 0.3907164338824195,
          "ci_lower_r2": 0.32281284341960276,
          "ci_upper_r2": 0.5336191807020016,
          "median_nse": 0.3907164338824195,
          "median_log_nse": 0.624315805219452,
          "median_kge": 0.425016007143065,
          "median_rmse": 151.81833439019005,
          "median_mape": 37.90768603668076,
          "median_within_2x": 0.7735849056603774,
          "median_spearman": 0.8478715539441501,
          "median_bias": -20.172628692046416,
          "n_sites": 37
        }
      }
    },
    "temporal": {
      "curve": {
        "0": {
          "median_r2": null,
          "ci_lower_r2": null,
          "ci_upper_r2": null,
          "median_nse": null,
          "median_log_nse": null,
          "median_kge": null,
          "median_rmse": null,
          "median_mape": null,
          "median_within_2x": null,
          "median_spearman": null,
          "median_bias": null,
          "n_sites": 0
        },
        "1": {
          "median_r2": 0.11591288351821982,
          "ci_lower_r2": 0.06239018340172875,
          "ci_upper_r2": 0.4012186745752122,
          "median_nse": 0.11591288351821982,
          "median_log_nse": 0.49355028073159535,
          "median_kge": 0.2031915281490525,
          "median_rmse": 171.14472921093002,
          "median_mape": 49.732620320855595,
          "median_within_2x": 0.5789473684210527,
          "median_spearman": 0.8410883531302766,
          "median_bias": -29.334313747769457,
          "n_sites": 71
        },
        "2": {
          "median_r2": -0.7094030264466891,
          "ci_lower_r2": -3.847061309444447,
          "ci_upper_r2": -0.24239051169359027,
          "median_nse": -0.7094030264466891,
          "median_log_nse": -1.423386245260387,
          "median_kge": -0.6273710336138578,
          "median_rmse": 486.58765527669,
          "median_mape": 86.46296853141403,
          "median_within_2x": 0.27918781725888325,