{
  "label": "v4_review_test",
  "model_path": "data/results/models/ssc_C_v4_boxcox02.cbm",
  "meta_path": "data/results/models/ssc_C_v4_boxcox02_meta.json",
  "adaptation_method": "bayesian",
  "adaptation_params": {
    "k": 30,
    "n_trials": 50,
    "seed": 42
  },
  "holdout_sites": 76,
  "holdout_samples": 5847,
  "zero_shot": {
    "pooled_r2": 0.6650728766069034,
    "pooled_kge": 0.6762605970133257,
    "pooled_rmse": 505.0114420254859,
    "pooled_mape_pct": 127.7059513768761,
    "pooled_frac_within_2x": 0.6221994185052163,
    "median_per_site_r2": 0.336923036405845
  },
  "adaptation_curve": {
    "0": {
      "median_r2": 0.336923036405845,
      "q25_r2": -0.07309674255029508,
      "q75_r2": 0.6277017810320749,
      "median_kge": 0.44981581938021264,
      "median_rmse": 126.79259222590912,
      "n_sites": 76
    },
    "1": {
      "median_r2": 0.33194648268607196,
      "q25_r2": -0.06286576817543488,
      "q75_r2": 0.6179631852350514,
      "median_kge": 0.4467411650967421,
      "median_rmse": 132.6508741140031,
      "n_sites": 72
    },
    "2": {
      "median_r2": 0.3620041859034561,
      "q25_r2": -0.06625624589704948,
      "q75_r2": 0.6201901965343848,
      "median_kge": 0.4557964292374546,
      "median_rmse": 136.1170097993757,
      "n_sites": 71
    },
    "3": {
      "median_r2": 0.36104014581457,
      "q25_r2": -0.07394570975701076,
      "q75_r2": 0.6199111580518601,
      "median_kge": 0.45231769399515864,
      "median_rmse": 139.12533203390905,
      "n_sites": 69
    },
    "5": {
      "median_r2": 0.34552172909275525,
      "q25_r2": -0.06462119804720645,
      "q75_r2": 0.6333822905087297,
      "median_kge": 0.4471629856486573,
      "median_rmse": 138.59370798938104,
      "n_sites": 69
    },
    "10": {
      "median_r2": 0.36380757918597345,
      "q25_r2": -0.07204497252096576,
      "q75_r2": 0.6307022182386494,
      "median_kge": 0.46946797677705093,
      "median_rmse": 162.89712828944428,
      "n_sites": 67
    },
    "20": {
      "median_r2": 0.37592643580868734,
      "q25_r2": 0.046156366545548236,
      "q75_r2": 0.590396906018763,
      "median_kge": 0.47599961689446124,
      "median_rmse": 162.0411218854552,
      "n_sites": 57
    },
    "30": {
      "median_r2": 0.3341962950164566,
      "q25_r2": -0.007143517147337422,
      "q75_r2": 0.577218061285091,
      "median_kge": 0.45537397156270387,
      "median_rmse": 182.45126219731947,
      "n_sites": 51
    },
    "50": {
      "median_r2": 0.4157047399239224,
      "q25_r2": 0.14736934471973007,
      "q75_r2": 0.6172434456006568,
      "median_kge": 0.4724713139738112,
      "median_rmse": 141.3037868028334,
      "n_sites": 37
    }
  },
  "transform_type": "boxcox",
  "transform_lmbda": 0.2,
  "bcf": 1.3643536568085741,
  "timestamp": "2026-03-29T23:22:45.415363+00:00"
}