{
  "label": "v9_drop15noise_es",
  "model_path": "data/results/models/ssc_C_sensor_basic_watershed_v9_drop15noise_es.cbm",
  "meta_path": "data/results/models/ssc_C_sensor_basic_watershed_v9_drop15noise_es_meta.json",
  "adaptation_method": "bayesian",
  "adaptation_params": {
    "k": 15,
    "df": 4,
    "slope_k": 10,
    "bcf_k_mult": 3.0,
    "n_trials": 50,
    "seed": 42,
    "split_modes": [
      "random",
      "temporal",
      "seasonal"
    ]
  },
  "holdout_sites": 76,
  "holdout_samples": 5847,
  "baselines": {
    "global_mean": {
      "nse": 0.0,
      "r2": 0.0,
      "log_nse": -0.6985739946953802,
      "kge": null,
      "rmse": 872.6217998027257,
      "mape_pct": 358.39031926138387,
      "frac_within_2x": 0.20147083974687874,
      "spearman_rho": null,
      "bias_pct": -2.0328948636798127e-14,
      "median_abs_error": 249.61809474944414,
      "n": 5847
    },
    "site_mean": {
      "nse": 0.2788955902991641,
      "r2": 0.2788955902991641,
      "log_nse": 0.07672258866145132,
      "kge": 0.3326406272772867,
      "rmse": 741.0118173748317,
      "mape_pct": 99.83164983164983,
      "frac_within_2x": 0.37181460578074227,
      "spearman_rho": 0.5595071083755504,
      "bias_pct": 0.0,
      "median_abs_error": 90.46875,
      "n": 5847
    }
  },
  "zero_shot": {
    "pooled_nse": 0.30156078451118407,
    "pooled_log_nse": 0.7658298075269757,
    "pooled_kge": 0.30753065700460946,
    "pooled_rmse": 729.2733884671123,
    "pooled_mape_pct": 59.46528493942016,
    "pooled_frac_within_2x": 0.6105695228322217,
    "pooled_spearman_rho": 0.9017742915646138,
    "pooled_bias_pct": -13.179380096842575,
    "median_per_site_r2": 0.2901175595842072
  },
  "adaptation": {
    "random": {
      "curve": {
        "0": {
          "median_r2": 0.2901175595842072,
          "ci_lower_r2": 0.1480131766174326,
          "ci_upper_r2": 0.45206861174566726,
          "median_nse": 0.2901175595842072,
          "median_log_nse": 0.6606483217412015,
          "median_kge": 0.42475523503667423,
          "median_rmse": 121.87708625572068,
          "median_mape": 60.68605659878764,
          "median_within_2x": 0.632986360373295,
          "median_spearman": 0.8535876125951537,
          "median_bias": 16.183447686830842,
          "n_sites": 76
        },
        "1": {
          "median_r2": 0.42753394133562045,
          "ci_lower_r2": 0.3187061587485801,
          "ci_upper_r2": 0.5263082898590035,
          "median_nse": 0.42753394133562045,
          "median_log_nse": 0.7088784008663755,
          "median_kge": 0.4697656405184903,
          "median_rmse": 106.8837368256959,
          "median_mape": 40.32904652323012,
          "median_within_2x": 0.71875,
          "median_spearman": 0.8444382838148081,
          "median_bias": -13.546283203105236,
          "n_sites": 71
        },
        "2": {
          "median_r2": 0.4281345432608109,
          "ci_lower_r2": 0.3120722703040471,
          "ci_upper_r2": 0.5687656925058922,
          "median_nse": 0.4281345432608109,
          "median_log_nse": 0.7264878940943457,
          "median_kge": 0.45796867324888657,
          "median_rmse": 112.52464700595749,
          "median_mape": 40.26842044186037,
          "median_within_2x": 0.7368421052631579,
          "median_spearman": 0.8421431219503654,
          "median_bias": -12.520592144194207,
          "n_sites": 69
        },
        "3": {
          "median_r2": 0.4280402152044167,
          "ci_lower_r2": 0.3152564427864404,
          "ci_upper_r2": 0.5555734730130268,
          "median_nse": 0.4280402152044167,
          "median_log_nse": 0.7221844932777892,
          "median_kge": 0.46293911677879224,
          "median_rmse": 111.45889258585879,
          "median_mape": 40.3327105707977,
          "median_within_2x": 0.7419354838709677,
          "median_spearman": 0.839399953822068,
          "median_bias": -12.473699410726361,
          "n_sites": 69
        },
        "5": {
          "median_r2": 0.4454497994728849,
          "ci_lower_r2": 0.3698297011973405,
          "ci_upper_r2": 0.5703848548119058,
          "median_nse": 0.4454497994728849,
          "median_log_nse": 0.7158702343834349,
          "median_kge": 0.46163366274943723,
          "median_rmse": 106.31485808614045,
          "median_mape": 39.42802687659943,
          "median_within_2x": 0.7425742574257426,
          "median_spearman": 0.8482690067215213,
          "median_bias": -13.283105708312316,
          "n_sites": 69
        },
        "10": {
          "median_r2": 0.46538733183076963,
          "ci_lower_r2": 0.3857467058268209,
          "ci_upper_r2": 0.5968925784737149,
          "median_nse": 0.46538733183076963,
          "median_log_nse": 0.737213469103261,
          "median_kge": 0.5486509725167874,
          "median_rmse": 104.75995510076761,
          "median_mape": 38.085671982886964,
          "median_within_2x": 0.7631578947368421,
          "median_spearman": 0.8609006918164532,
          "median_bias": -12.816922636559521,
          "n_sites": 65
        },
        "20": {
          "median_r2": 0.4700160750283866,
          "ci_lower_r2": 0.4141646654260981,
          "ci_upper_r2": 0.6160399391167817,
          "median_nse": 0.4700160750283866,
          "median_log_nse": 0.7412202021161665,
          "median_kge": 0.5473920930573755,
          "median_rmse": 139.86655406659014,
          "median_mape": 37.8964761092563,
          "median_within_2x": 0.7712820512820513,
          "median_spearman": 0.8635728763656154,
          "median_bias": -9.34899036297799,
          "n_sites": 56
        },
        "30": {
          "median_r2": 0.46821560830312553,
          "ci_lower_r2": 0.36753253882960896,
          "ci_upper_r2": 0.6106423142578075,
          "median_nse": 0.46821560830312553,
          "median_log_nse": 0.7053134681682889,
          "median_kge": 0.5610251927255752,
          "median_rmse": 136.9047870551056,
          "median_mape": 39.231093688979485,
          "median_within_2x": 0.7465753424657534,
          "median_spearman": 0.8549584515661326,
          "median_bias": -7.166533534069569,
          "n_sites": 50
        },
        "50": {
          "median_r2": 0.48221863579089674,
          "ci_lower_r2": 0.3061087288676492,
          "ci_upper_r2": 0.6100182624832005,
          "median_nse": 0.48221863579089674,
          "median_log_nse": 0.7509629685603342,
          "median_kge": 0.5625874369492301,
          "median_rmse": 152.56879507747254,
          "median_mape": 40.363569135708715,
          "median_within_2x": 0.7777777777777778,
          "median_spearman": 0.8571428571428572,
          "median_bias": -5.27465865809606,
          "n_sites": 37
        }
      }
    },
    "temporal": {
      "curve": {
        "0": {
          "median_r2": 0.2901175595842072,
          "ci_lower_r2": 0.1480131766174326,
          "ci_upper_r2": 0.45206861174566726,
          "median_nse": 0.2901175595842072,
          "median_log_nse": 0.6606483217412015,
          "median_kge": 0.42475523503667423,
          "median_rmse": 121.87708625572068,
          "median_mape": 60.68605659878764,
          "median_within_2x": 0.632986360373295,
          "median_spearman": 0.8535876125951537,
          "median_bias": 16.183447686830842,
          "n_sites": 76
        },
        "1": {
          "median_r2": 0.40200897106230526,
          "ci_lower_r2": 0.3228217118974054,
          "ci_upper_r2": 0.5309682323984432,
          "median_nse": 0.40200897106230526,
          "median_log_nse": 0.684474711192782,
          "median_kge": 0.41750773213097736,
          "median_rmse": 107.069909839,
          "median_mape": 40.66972183719173,
          "median_within_2x": 0.75,
          "median_spearman": 0.8507731535063838,
          "median_bias": -16.192053905647942,
          "n_sites": 71
        },
        "2": {
          "median_r2": 0.39466363640071644,
          "ci_lower_r2": 0.26838403438384106,