{
  "label": "v9_final",
  "model_path": "data/results/models/ssc_C_sensor_basic_watershed_v9_final_72feat.cbm",
  "meta_path": "data/results/models/ssc_C_sensor_basic_watershed_v9_final_72feat_meta.json",
  "adaptation_method": "bayesian",
  "adaptation_params": {
    "k": 15,
    "df": 4,
    "slope_k": 10,
    "bcf_k_mult": 3.0,
    "n_trials": 50,
    "seed": 42,
    "split_modes": [
      "random",
      "temporal",
      "seasonal"
    ]
  },
  "holdout_sites": 76,
  "holdout_samples": 5847,
  "baselines": {
    "global_mean": {
      "nse": 0.0,
      "r2": 0.0,
      "log_nse": -0.6985739946953802,
      "kge": null,
      "rmse": 872.6217998027257,
      "mape_pct": 358.39031926138387,
      "frac_within_2x": 0.20147083974687874,
      "spearman_rho": null,
      "bias_pct": -2.0328948636798127e-14,
      "median_abs_error": 249.61809474944414,
      "n": 5847
    },
    "site_mean": {
      "nse": 0.2788955902991641,
      "r2": 0.2788955902991641,
      "log_nse": 0.07672258866145132,
      "kge": 0.3326406272772867,
      "rmse": 741.0118173748317,
      "mape_pct": 99.83164983164983,
      "frac_within_2x": 0.37181460578074227,
      "spearman_rho": 0.5595071083755504,
      "bias_pct": 0.0,
      "median_abs_error": 90.46875,
      "n": 5847
    }
  },
  "zero_shot": {
    "pooled_nse": 0.6915512796486756,
    "pooled_log_nse": 0.8065093644903732,
    "pooled_kge": 0.7452021830007215,
    "pooled_rmse": 484.6380903737702,
    "pooled_mape_pct": 55.62487615303655,
    "pooled_frac_within_2x": 0.6538395758508637,
    "pooled_spearman_rho": 0.9201820778241367,
    "pooled_bias_pct": 1.9529319458453476,
    "median_per_site_r2": 0.418342565359923
  },
  "adaptation": {
    "random": {
      "curve": {
        "0": {
          "median_r2": 0.418342565359923,
          "ci_lower_r2": 0.23090293222430136,
          "ci_upper_r2": 0.5591495533904504,
          "median_nse": 0.418342565359923,
          "median_log_nse": 0.6628053114761092,
          "median_kge": 0.49506251143075486,
          "median_rmse": 116.94595926909133,
          "median_mape": 54.93659920543382,
          "median_within_2x": 0.6666666666666666,
          "median_spearman": 0.8829238521249785,
          "median_bias": 15.202081946038966,
          "n_sites": 76
        },
        "1": {
          "median_r2": 0.5061579625846331,
          "ci_lower_r2": 0.4165982720148549,
          "ci_upper_r2": 0.607311370151269,
          "median_nse": 0.5061579625846331,
          "median_log_nse": 0.7586475494732521,
          "median_kge": 0.4875782967269511,
          "median_rmse": 120.04830698075087,
          "median_mape": 36.198552306032134,
          "median_within_2x": 0.753968253968254,
          "median_spearman": 0.8807523432515344,
          "median_bias": -13.789544572101843,
          "n_sites": 71
        },
        "2": {
          "median_r2": 0.5049962726208123,
          "ci_lower_r2": 0.4116305002407434,
          "ci_upper_r2": 0.6148793294160426,
          "median_nse": 0.5049962726208123,
          "median_log_nse": 0.7659827997739881,
          "median_kge": 0.5069644876963986,
          "median_rmse": 125.08244548292444,
          "median_mape": 36.866754428847116,
          "median_within_2x": 0.7620967741935484,
          "median_spearman": 0.8807525069266542,
          "median_bias": -14.367114046666401,
          "n_sites": 69
        },
        "3": {
          "median_r2": 0.5091478886005789,
          "ci_lower_r2": 0.4357565432945172,
          "ci_upper_r2": 0.6117688581550016,
          "median_nse": 0.5091478886005789,
          "median_log_nse": 0.7821075353710754,
          "median_kge": 0.5445968051739007,
          "median_rmse": 126.33811265700552,
          "median_mape": 36.02721734979315,
          "median_within_2x": 0.7741935483870968,
          "median_spearman": 0.8761748555224175,
          "median_bias": -13.850990871422201,
          "n_sites": 69
        },
        "5": {
          "median_r2": 0.5309546145436994,
          "ci_lower_r2": 0.45149732865667325,
          "ci_upper_r2": 0.6038859258770493,
          "median_nse": 0.5309546145436994,
          "median_log_nse": 0.7731504795026612,
          "median_kge": 0.5485782693198498,
          "median_rmse": 120.13378383030653,
          "median_mape": 35.533143044191924,
          "median_within_2x": 0.7727272727272727,
          "median_spearman": 0.8786733347149147,
          "median_bias": -14.038390041771823,
          "n_sites": 69
        },
        "10": {
          "median_r2": 0.5372812052995978,
          "ci_lower_r2": 0.43935874056491386,
          "ci_upper_r2": 0.641496303895176,
          "median_nse": 0.5372812052995978,
          "median_log_nse": 0.7705436198409223,
          "median_kge": 0.5784259127511914,
          "median_rmse": 107.5413267577523,
          "median_mape": 36.583492048955065,
          "median_within_2x": 0.7894736842105263,
          "median_spearman": 0.8830802247637137,
          "median_bias": -11.323039499564594,
          "n_sites": 65
        },
        "20": {
          "median_r2": 0.5216757127931005,
          "ci_lower_r2": 0.427715655943019,
          "ci_upper_r2": 0.6263495966144765,
          "median_nse": 0.5216757127931005,
          "median_log_nse": 0.7831168580515564,
          "median_kge": 0.5614677352813998,
          "median_rmse": 123.78626596769452,
          "median_mape": 36.900873717475534,
          "median_within_2x": 0.7857142857142857,
          "median_spearman": 0.8865819895339073,
          "median_bias": -8.249251106967863,
          "n_sites": 56
        },
        "30": {
          "median_r2": 0.49894911293306976,
          "ci_lower_r2": 0.41870460841232143,
          "ci_upper_r2": 0.6238587678748998,
          "median_nse": 0.49894911293306976,
          "median_log_nse": 0.7193261876735059,
          "median_kge": 0.5764520558296958,
          "median_rmse": 134.49712246726733,
          "median_mape": 37.95974916629025,
          "median_within_2x": 0.770814479638009,
          "median_spearman": 0.8754356320606226,
          "median_bias": -6.463088581434988,
          "n_sites": 50
        },
        "50": {
          "median_r2": 0.515261011415226,
          "ci_lower_r2": 0.45306853654336315,
          "ci_upper_r2": 0.6325465760411639,
          "median_nse": 0.515261011415226,
          "median_log_nse": 0.7409869217179874,
          "median_kge": 0.5699022679353585,
          "median_rmse": 135.93962737368685,
          "median_mape": 39.147015682006774,
          "median_within_2x": 0.7896825396825397,
          "median_spearman": 0.8802446190975126,
          "median_bias": -4.779042536961886,
          "n_sites": 37
        }
      }
    },
    "temporal": {
      "curve": {
        "0": {
          "median_r2": 0.418342565359923,
          "ci_lower_r2": 0.23090293222430136,
          "ci_upper_r2": 0.5591495533904504,
          "median_nse": 0.418342565359923,
          "median_log_nse": 0.6628053114761092,
          "median_kge": 0.49506251143075486,
          "median_rmse": 116.94595926909133,
          "median_mape": 54.93659920543382,
          "median_within_2x": 0.6666666666666666,
          "median_spearman": 0.8829238521249785,
          "median_bias": 15.202081946038966,
          "n_sites": 76
        },
        "1": {
          "median_r2": 0.5342448109306741,
          "ci_lower_r2": 0.4170511914437345,
          "ci_upper_r2": 0.6315729762966193,
          "median_nse": 0.5342448109306741,
          "median_log_nse": 0.7579078061914056,
          "median_kge": 0.5141259011191421,
          "median_rmse": 120.5285426539672,
          "median_mape": 36.037620566062316,
          "median_within_2x": 0.776,
          "median_spearman": 0.8826438210363189,
          "median_bias": -16.048519535213813,
          "n_sites": 71
        },
        "2": {
          "median_r2": 0.5255580090541259,
          "ci_lower_r2": 0.40528203210167346,