{
  "label": "v9_on_v11_holdout",
  "model_path": "data/results/models/ssc_C_sensor_basic_watershed_v9_final_72feat.cbm",
  "meta_path": "data/results/models/ssc_C_sensor_basic_watershed_v9_final_72feat_meta.json",
  "adaptation_method": "bayesian",
  "adaptation_params": {
    "k": 15.0,
    "df": 4.0,
    "slope_k": 10.0,
    "bcf_k_mult": 3.0,
    "n_trials": 50,
    "seed": 42,
    "split_modes": [
      "random",
      "temporal",
      "seasonal"
    ]
  },
  "holdout_sites": 78,
  "holdout_samples": 6026,
  "baselines": {
    "global_mean": {
      "nse": 0.0,
      "r2": 0.0,
      "log_nse": -0.6784489238273785,
      "kge": null,
      "rmse": 878.2984898316738,
      "mape_pct": 351.2096021407236,
      "frac_within_2x": 0.2090939263192831,
      "spearman_rho": null,
      "bias_pct": 1.9684386491028607e-14,
      "median_abs_error": 256.7741453700631,
      "n": 6026
    },
    "site_mean": {
      "nse": 0.27924967617975627,
      "r2": 0.27924967617975627,
      "log_nse": 0.1000208100160167,
      "kge": 0.3331145799844062,
      "rmse": 745.6492049139226,
      "mape_pct": 95.7225397550003,
      "frac_within_2x": 0.37852638566213076,
      "spearman_rho": 0.5730553485311939,
      "bias_pct": 0.0,
      "median_abs_error": 92.55271565495208,
      "n": 6026
    }
  },
  "zero_shot": {
    "pooled_nse": 0.6875611262296117,
    "pooled_log_nse": 0.812975037591599,
    "pooled_kge": 0.7399729895570579,
    "pooled_rmse": 490.93576042151705,
    "pooled_mape_pct": 53.547223609321804,
    "pooled_frac_within_2x": 0.6636242947228675,
    "pooled_spearman_rho": 0.9233908262735339,
    "pooled_bias_pct": 1.950493659755963,
    "median_per_site_r2": 0.46279809104230835
  },
  "adaptation": {
    "random": {
      "curve": {
        "0": {
          "median_r2": 0.46279809104230835,
          "ci_lower_r2": 0.23450558518914108,
          "ci_upper_r2": 0.5526677716587343,
          "median_nse": 0.46279809104230835,
          "median_log_nse": 0.7013981440987795,
          "median_kge": 0.5183247908565232,
          "median_rmse": 118.69440705286497,
          "median_mape": 53.83700872198488,
          "median_within_2x": 0.6708333333333334,
          "median_spearman": 0.8872361211797268,
          "median_bias": 13.754055698066729,
          "n_sites": 78
        },
        "1": {
          "median_r2": 0.5061579625846331,
          "ci_lower_r2": 0.4165982720148549,
          "ci_upper_r2": 0.607311370151269,
          "median_nse": 0.5061579625846331,
          "median_log_nse": 0.7915908351649951,
          "median_kge": 0.4875782967269511,
          "median_rmse": 120.04830698075087,
          "median_mape": 34.80404551436416,
          "median_within_2x": 0.768,
          "median_spearman": 0.8872960949085517,
          "median_bias": -16.2311159649471,
          "n_sites": 73
        },
        "2": {
          "median_r2": 0.5049962726208123,
          "ci_lower_r2": 0.4116305002407434,
          "ci_upper_r2": 0.5951609807548788,
          "median_nse": 0.5049962726208123,
          "median_log_nse": 0.7868620195086244,
          "median_kge": 0.5069644876963986,
          "median_rmse": 125.08244548292444,
          "median_mape": 35.237901290487045,
          "median_within_2x": 0.7647058823529411,
          "median_spearman": 0.8863787010131674,
          "median_bias": -16.346748338762282,
          "n_sites": 71
        },
        "3": {
          "median_r2": 0.5091478886005789,
          "ci_lower_r2": 0.4357681468928144,
          "ci_upper_r2": 0.6088674973530487,
          "median_nse": 0.5091478886005789,
          "median_log_nse": 0.7896565349226572,
          "median_kge": 0.5445968051739007,
          "median_rmse": 127.28080719342977,
          "median_mape": 35.13004857477267,
          "median_within_2x": 0.7741935483870968,
          "median_spearman": 0.8827193376335432,
          "median_bias": -13.850990871422201,
          "n_sites": 71
        },
        "5": {
          "median_r2": 0.5324152496816591,
          "ci_lower_r2": 0.4521027224030539,
          "ci_upper_r2": 0.6242495988891557,
          "median_nse": 0.5324152496816591,
          "median_log_nse": 0.7854457379609124,
          "median_kge": 0.5485782693198498,
          "median_rmse": 120.13378383030653,
          "median_mape": 35.37725440881643,
          "median_within_2x": 0.7736842105263158,
          "median_spearman": 0.8845985932760201,
          "median_bias": -13.563506302735696,
          "n_sites": 71
        },
        "10": {
          "median_r2": 0.5372812052995978,
          "ci_lower_r2": 0.43935874056491386,
          "ci_upper_r2": 0.6602288710521831,
          "median_nse": 0.5372812052995978,
          "median_log_nse": 0.7836353294743681,
          "median_kge": 0.5784259127511914,
          "median_rmse": 130.68441333631023,
          "median_mape": 35.99822708505288,
          "median_within_2x": 0.7894736842105263,
          "median_spearman": 0.8884792249425103,
          "median_bias": -11.323039499564594,
          "n_sites": 65
        },
        "20": {
          "median_r2": 0.5320342836676496,
          "ci_lower_r2": 0.4312425644238147,
          "ci_upper_r2": 0.6263495966144765,
          "median_nse": 0.5320342836676496,
          "median_log_nse": 0.7925989677784646,
          "median_kge": 0.5614677352813998,
          "median_rmse": 123.96580442416162,
          "median_mape": 36.900873717475534,
          "median_within_2x": 0.7857142857142857,
          "median_spearman": 0.8884463620620411,
          "median_bias": -7.808476274197094,
          "n_sites": 56
        },
        "30": {
          "median_r2": 0.5352209525354096,
          "ci_lower_r2": 0.430282697821527,
          "ci_upper_r2": 0.6387071163455995,
          "median_nse": 0.5352209525354096,
          "median_log_nse": 0.766473820686228,
          "median_kge": 0.586098344142935,
          "median_rmse": 115.85436923931348,
          "median_mape": 37.95974916629025,
          "median_within_2x": 0.770814479638009,
          "median_spearman": 0.8754356320606226,
          "median_bias": -6.463088581434988,
          "n_sites": 50
        },
        "50": {
          "median_r2": 0.5171893786010991,
          "ci_lower_r2": 0.45306853654336315,
          "ci_upper_r2": 0.6359670237567479,
          "median_nse": 0.5171893786010991,
          "median_log_nse": 0.7740081912386851,
          "median_kge": 0.5699022679353585,
          "median_rmse": 135.69553323407672,
          "median_mape": 40.17344700394645,
          "median_within_2x": 0.792,
          "median_spearman": 0.8815307758136272,
          "median_bias": -5.0779329183846205,
          "n_sites": 37
        }
      }
    },
    "temporal": {
      "curve": {
        "0": {
          "median_r2": 0.46279809104230835,
          "ci_lower_r2": 0.23450558518914108,
          "ci_upper_r2": 0.5526677716587343,
          "median_nse": 0.46279809104230835,
          "median_log_nse": 0.7013981440987795,
          "median_kge": 0.5183247908565232,
          "median_rmse": 118.69440705286497,
          "median_mape": 53.83700872198488,
          "median_within_2x": 0.6708333333333334,
          "median_spearman": 0.8872361211797268,
          "median_bias": 13.754055698066729,
          "n_sites": 78
        },
        "1": {
          "median_r2": 0.5336823845353542,
          "ci_lower_r2": 0.4170511914437345,
          "ci_upper_r2": 0.6315701525790127,
          "median_nse": 0.5336823845353542,
          "median_log_nse": 0.779248110838534,
          "median_kge": 0.5119175921917215,
          "median_rmse": 120.5285426539672,
          "median_mape": 34.36862986094148,
          "median_within_2x": 0.7777777777777778,
          "median_spearman": 0.8835166495641789,
          "median_bias": -16.515386360101928,
          "n_sites": 73
        },
        "2": {
          "median_r2": 0.5249757427630164,
          "ci_lower_r2": 0.41514597089287586,