{
  "all_data": {
    "n": 11026,
    "nse": 0.04832194307288784,
    "log_nse": 0.4540196889383943,
    "rmse": 288.62895224741374,
    "mape_pct": 53.22813925335281,
    "within_2x_pct": 57.636495555958646,
    "bias_pct": -46.12770857923611,
    "spearman_rho": 0.927050307387438,
    "mean_true": 39.99031362234718,
    "mean_pred": 21.54369829470831,
    "median_abs_error": 7.320643618943354
  },
  "ntu_below_400": {
    "n": 10955,
    "nse": 0.185320475796668,
    "log_nse": 0.43284210171649007,
    "rmse": 73.36227930733841,
    "mape_pct": 53.072011465212654,
    "within_2x_pct": 57.9552715654952,
    "bias_pct": -33.62393815023631,
    "spearman_rho": 0.9256506012726938,
    "mean_true": 31.139497763578273,
    "mean_pred": 20.669172295258495,
    "median_abs_error": 7.29081889240638
  },
  "ntu_above_400": {
    "n": 71,
    "nse": -0.13171833111597908,
    "log_nse": -2.8203056539601183,
    "rmse": 3479.475622440273,
    "mape_pct": 82.04618073751033,
    "within_2x_pct": 8.450704225352112,
    "bias_pct": -88.86770049809915,
    "spearman_rho": 0.3741535421170331,
    "mean_true": 1405.6338028169014,
    "mean_pred": 156.4793648295358,
    "median_abs_error": 652.7046907112692
  },
  "by_organization": {
    "42SRBCWQ_WQX": {
      "n": 494,
      "nse": 0.3527951628463569,
      "log_nse": -2.172431540327609,
      "rmse": 18.218395249813316,
      "mape_pct": 650.6925494534595,
      "within_2x_pct": 9.919028340080972,
      "bias_pct": 107.32729471435934,
      "spearman_rho": 0.6177684895840139,
      "mean_true": 5.109392712550608,
      "mean_pred": 10.593165687263797,
      "median_abs_error": 8.25903925753856
    },
    "CEDEN": {
      "n": 200,
      "nse": -0.08015731996873798,
      "log_nse": 0.17952925438395118,
      "rmse": 398.6421777821037,
      "mape_pct": 57.89330151356556,
      "within_2x_pct": 42.5,
      "bias_pct": -70.1370390640788,
      "spearman_rho": 0.8099755973282194,
      "mean_true": 209.253,
      "mean_pred": 62.48914164724318,
      "median_abs_error": 55.23933190888985
    },
    "UMC": {
      "n": 636,
      "nse": -7.326317596294691,
      "log_nse": -3.3945715941846224,
      "rmse": 10.827182579725346,
      "mape_pct": 564.2603659887407,
      "within_2x_pct": 5.188679245283019,
      "bias_pct": 362.0794016426494,
      "spearman_rho": 0.6986575167844459,
      "mean_true": 2.821176100628931,
      "mean_pred": 13.03607364507159,
      "median_abs_error": 9.462242531694418
    },
    "UMRR_LTRM": {
      "n": 9625,
      "nse": 0.24102780012108904,
      "log_nse": 0.5285919589325643,
      "rmse": 52.903671910284636,
      "mape_pct": 46.35866187282679,
      "within_2x_pct": 64.22857142857143,
      "bias_pct": -32.056525392502856,
      "spearman_rho": 0.9346800901189133,
      "mean_true": 30.645640519480523,
      "mean_pred": 20.821712984658106,
      "median_abs_error": 6.70965367167536
    }
  },
  "n_total": 11026,
  "n_below_400": 10955,
  "n_above_400": 71,
  "n_sites": 260,
  "n_watershed_matched": 63
}