{
  "all_data": {
    "n": 11026,
    "nse": 0.21977323341591115,
    "log_nse": 0.5573638680637082,
    "rmse": 261.3396394150459,
    "mape_pct": 89.63397249125302,
    "within_2x_pct": 54.85216760384546,
    "bias_pct": 56.78851647711206,
    "spearman_rho": 0.9306159703928306,
    "mean_true": 39.99031362234718,
    "mean_pred": 62.7002194630226,
    "median_abs_error": 8.15323044081415
  },
  "ntu_below_400": {
    "n": 10955,
    "nse": 0.15190466063563723,
    "log_nse": 0.5360485100224717,
    "rmse": 74.85171473681889,
    "mape_pct": 89.59464365911276,
    "within_2x_pct": 54.89730716567778,
    "bias_pct": 66.37271368009819,
    "spearman_rho": 0.929284981610721,
    "mean_true": 31.139497763578273,
    "mean_pred": 51.80762745561866,
    "median_abs_error": 8.067462178407775
  },
  "ntu_above_400": {
    "n": 71,
    "nse": 0.08933741786990079,
    "log_nse": -0.5997918416801373,
    "rmse": 3121.212726763207,
    "mape_pct": 98.875713597226,
    "within_2x_pct": 47.88732394366197,
    "bias_pct": 24.028117257499805,
    "spearman_rho": 0.36893993891229765,
    "mean_true": 1405.6338028169014,
    "mean_pred": 1743.3811411688,
    "median_abs_error": 1025.26414204697
  },
  "by_organization": {
    "42SRBCWQ_WQX": {
      "n": 494,
      "nse": 0.36520957730375514,
      "log_nse": -0.8365959111979118,
      "rmse": 18.04282037547713,
      "mape_pct": 290.03322253654596,
      "within_2x_pct": 14.17004048582996,
      "bias_pct": 98.72755154114809,
      "spearman_rho": 0.7056138508333775,
      "mean_true": 5.109392712550608,
      "mean_pred": 10.153771036273673,
      "median_abs_error": 3.847718975071544
    },
    "CEDEN": {
      "n": 200,
      "nse": -0.35092022291723257,
      "log_nse": 0.026616658873916288,
      "rmse": 445.81491264876087,
      "mape_pct": 148.94470582991795,
      "within_2x_pct": 30.0,
      "bias_pct": 104.7404938211786,
      "spearman_rho": 0.7851537754792751,
      "mean_true": 209.253,
      "mean_pred": 428.42562553563084,
      "median_abs_error": 202.08577778041368
    },
    "UMC": {
      "n": 636,
      "nse": -26.018212721522143,
      "log_nse": -3.1009671307298303,
      "rmse": 19.503712321172706,
      "mape_pct": 546.8051301925188,
      "within_2x_pct": 2.20125786163522,
      "bias_pct": 473.7844949992291,
      "spearman_rho": 0.7239253055665212,
      "mean_true": 2.821176100628931,
      "mean_pred": 16.187471042032655,
      "median_abs_error": 7.8792358080707645
    },
    "UMRR_LTRM": {
      "n": 9625,
      "nse": 0.4019856322178842,
      "log_nse": 0.5986557837307648,
      "rmse": 46.96006520601497,
      "mape_pct": 80.26808845840698,
      "within_2x_pct": 60.98701298701299,
      "bias_pct": 58.17380442714749,
      "spearman_rho": 0.9387481723044384,
      "mean_true": 30.645640519480523,
      "mean_pred": 48.47337550072979,
      "median_abs_error": 8.406136725916003
    }
  },
  "n_total": 11026,
  "n_below_400": 10955,
  "n_above_400": 71,
  "n_sites": 260,
  "n_watershed_matched": 63
}