{
  "description": "Mondrian empirical conformal intervals, calibrated on v11 LOGO CV predictions",
  "calibration_set": {
    "source": "logo_predictions_ssc_C_sensor_basic_watershed_v11_extreme_expanded.parquet",
    "n_rows": 23588,
    "n_sites": 244
  },
  "bin_edges": [
    0,
    30,
    100,
    500,
    2000,
    "inf"
  ],
  "bin_labels": [
    "0-30",
    "30-100",
    "100-500",
    "500-2000",
    "2000+"
  ],
  "unreliable_threshold": 50,
  "intervals_90pct": {
    "0-30": {
      "lower_offset_mgL": -14.626204602596355,
      "upper_offset_mgL": 31.714216133917038,
      "n_calibration": 7904,
      "median_abs_residual_mgL": 5.528429826141352,
      "reliable": true
    },
    "30-100": {
      "lower_offset_mgL": -50.420162283431225,
      "upper_offset_mgL": 133.801784401132,
      "n_calibration": 5621,
      "median_abs_residual_mgL": 21.983910653547667,
      "reliable": true
    },
    "100-500": {
      "lower_offset_mgL": -228.552252862498,
      "upper_offset_mgL": 505.515189990636,
      "n_calibration": 6998,
      "median_abs_residual_mgL": 84.53728574283257,
      "reliable": true
    },
    "500-2000": {
      "lower_offset_mgL": -712.8049378185467,
      "upper_offset_mgL": 1672.6834454947789,
      "n_calibration": 2813,
      "median_abs_residual_mgL": 291.474430973843,
      "reliable": true
    },
    "2000+": {
      "lower_offset_mgL": -2437.1519957174496,
      "upper_offset_mgL": 5867.273934404686,
      "n_calibration": 252,
      "median_abs_residual_mgL": 1102.2482048065713,
      "reliable": true
    }
  },
  "intervals_80pct": {
    "0-30": {
      "lower_offset_mgL": -11.7299645620661,
      "upper_offset_mgL": 10.2825990727722,
      "n_calibration": 7904,
      "median_abs_residual_mgL": 5.528429826141352,
      "reliable": true
    },
    "30-100": {
      "lower_offset_mgL": -41.090043186928234,
      "upper_offset_mgL": 46.942154170370955,
      "n_calibration": 5621,
      "median_abs_residual_mgL": 21.983910653547667,
      "reliable": true
    },
    "100-500": {
      "lower_offset_mgL": -177.99012404127197,
      "upper_offset_mgL": 220.52514520844252,
      "n_calibration": 6998,
      "median_abs_residual_mgL": 84.53728574283257,
      "reliable": true
    },
    "500-2000": {
      "lower_offset_mgL": -554.1976192978943,
      "upper_offset_mgL": 883.1502254081802,
      "n_calibration": 2813,
      "median_abs_residual_mgL": 291.474430973843,
      "reliable": true
    },
    "2000+": {
      "lower_offset_mgL": -1897.710238116145,
      "upper_offset_mgL": 3074.874277082206,
      "n_calibration": 252,
      "median_abs_residual_mgL": 1102.2482048065713,
      "reliable": true
    }
  },
  "continuous_knots": {
    "n_knots": 20,
    "knot_pred_values_mgL": [
      2.867620470533851,
      6.385720793623161,
      9.923163727497661,
      12.866523503862686,
      16.502457490386035,
      22.094390545878138,
      28.18211702822101,
      35.110444745196716,
      44.53786406227793,
      58.239817768476165,
      77.43566300549723,
      102.46142595462588,
      135.32577343529596,
      180.48496914658625,
      237.79128197011698,
      310.68756327829436,
      410.9296679684688,
      552.8473672942152,
      802.8670917986954,
      2066.335608941458
    ],
    "lo_offsets_90": [
      -4.990295944013602,
      -6.8644626702225615,
      -8.850380817216385,
      -11.17520601895963,
      -14.194821951844967,
      -18.350915364531215,
      -22.60097367137414,
      -28.77361849321531,
      -37.1045270624657,
      -49.15429486353439,
      -64.23479679847834,
      -86.88187225228417,
      -118.19383820053343,
      -155.1012075556777,
      -191.9016469108946,
      -257.46189078311545,
      -338.3585545019039,
      -479.8059380917858,
      -882.6465006786169,
      -1075.5900060970807
    ],
    "hi_offsets_90": [
      5.287982358254985,
      10.160075092177,
      24.70420190543555,
      38.95904983862444,
      45.497146146555195,
      45.41309889361783,
      48.64897600029598,
      65.3205011999293,
      106.05920545767286,
      153.35983735990638,
      212.64758638295456,
      243.90591665341336,
      290.46356306867926,
      403.85682773885185,
      514.5724591935572,
      629.9567537300279,
      856.1394722722474,
      1185.0132089979184,
      1940.843077466213,
      2177.9227638941975
    ],
    "lo_offsets_80": [
      -4.384524316046479,
      -5.8644626702225615,
      -7.491592786794877,
      -9.781435700841023,
      -12.212331286767476,
      -15.51466394524168,
      -19.777489839358402,
      -25.114926238386097,
      -32.658087355093414,
      -42.00338822486773,
      -54.62420285935403,
      -74.92052684701123,
      -97.48021129215148,
      -130.51530015600295,
      -163.45160408365035,
      -214.16987624345109,
      -282.1183464173856,
      -386.0529856038206,
      -618.2863043634229,
      -795.9127642411319
    ],
    "hi_offsets_80": [
      2.158749782822584,
      3.06856441838727,
      7.266742035675123,
      13.80245346992031,
      18.36672832207214,
      20.510262985707488,
      21.883575337655106,
      27.03192971274573,
      37.84259957290863,
      60.54439169654273,
      82.63688930041755,
      103.29875214567288,
      138.11563266640633,
      184.77473156128679,
      223.50357059834772,
      283.5438912076125,
      403.9302918026679,
      566.8708755662816,
      995.1606379922395,
      1234.574113295491
    ]
  }
}