{
  "all_data": {
    "n": 11026,
    "nse": 0.030791081420579736,
    "log_nse": 0.37759371561962285,
    "rmse": 291.2752380416885,
    "mape_pct": 59.467259741581856,
    "within_2x_pct": 53.28314892073281,
    "bias_pct": -47.096425869356764,
    "spearman_rho": 0.7680995388214291,
    "mean_true": 39.99031362234718,
    "mean_pred": 21.15630521227516,
    "median_abs_error": 8.579664838157317
  },
  "ntu_below_400": {
    "n": 10955,
    "nse": 0.13880058297019315,
    "log_nse": 0.35446859293272315,
    "rmse": 75.42777190691727,
    "mape_pct": 58.98363493954434,
    "within_2x_pct": 53.591967138293015,
    "bias_pct": -34.31323920093289,
    "spearman_rho": 0.7636015044875424,
    "mean_true": 31.139497763578273,
    "mean_pred": 20.45452740999251,
    "median_abs_error": 8.539255860454254
  },
  "ntu_above_400": {
    "n": 71,
    "nse": -0.14956303522533498,
    "log_nse": -3.7223097901749744,
    "rmse": 3506.8001631879233,
    "mape_pct": 82.79709056076116,
    "within_2x_pct": 5.633802816901409,
    "bias_pct": -90.79150952497194,
    "spearman_rho": 0.553855347089968,
    "mean_true": 1405.6338028169014,
    "mean_pred": 129.43765484616884,
    "median_abs_error": 654.2449677550045
  },
  "by_organization": {
    "42SRBCWQ_WQX": {
      "n": 494,
      "nse": 0.454233199781626,
      "log_nse": -2.4901232285899657,
      "rmse": 16.729878978156673,
      "mape_pct": 762.3037150549694,
      "within_2x_pct": 9.919028340080972,
      "bias_pct": 139.8509305074851,
      "spearman_rho": 0.6301092023464672,
      "mean_true": 5.109392712550608,
      "mean_pred": 12.254925964334266,
      "median_abs_error": 9.549713001986513
    },
    "CEDEN": {
      "n": 200,
      "nse": -0.17502660027332295,
      "log_nse": -0.8333526916841976,
      "rmse": 415.77999464527437,
      "mape_pct": 74.25639508247176,
      "within_2x_pct": 13.0,
      "bias_pct": -84.310909153789,
      "spearman_rho": 0.8250910294830872,
      "mean_true": 209.253,
      "mean_pred": 32.82989326842191,
      "median_abs_error": 87.23912174281284
    },
    "UMC": {
      "n": 636,
      "nse": -10.302781464862045,
      "log_nse": -3.651276647718862,
      "rmse": 12.614836892410153,
      "mape_pct": 608.7758913326049,
      "within_2x_pct": 5.031446540880504,
      "bias_pct": 410.33225295687237,
      "spearman_rho": 0.6223949015373754,
      "mean_true": 2.821176100628931,
      "mean_pred": 14.397371554220463,
      "median_abs_error": 11.088991829384184
    },
    "UMRR_LTRM": {
      "n": 9625,
      "nse": 0.2248471431198371,
      "log_nse": 0.4567647573407376,
      "rmse": 53.46462906763301,
      "mape_pct": 52.09523111317925,
      "within_2x_pct": 59.885714285714286,
      "bias_pct": -31.414508723100614,
      "spearman_rho": 0.7724587656207731,
      "mean_true": 30.645640519480523,
      "mean_pred": 21.018463105238258,
      "median_abs_error": 7.965005200344833
    }
  },
  "n_total": 11026,
  "n_below_400": 10955,
  "n_above_400": 71,
  "n_sites": 260,
  "n_watershed_matched": 63
}