{
  "all_data": {
    "n": 11026,
    "nse": 0.05094642679421024,
    "log_nse": 0.2994218398962033,
    "rmse": 288.23069521526384,
    "mape_pct": 61.264907065381024,
    "within_2x_pct": 52.11318701251587,
    "bias_pct": -40.10716896853024,
    "spearman_rho": 0.7338367943080946,
    "mean_true": 39.99031362234718,
    "mean_pred": 23.951330966787232,
    "median_abs_error": 10.443289953877223
  },
  "ntu_below_400": {
    "n": 10955,
    "nse": 0.1978513121337545,
    "log_nse": 0.26752468558989506,
    "rmse": 72.79588902032219,
    "mape_pct": 61.08026741246688,
    "within_2x_pct": 52.368781378366045,
    "bias_pct": -26.4648290714821,
    "spearman_rho": 0.728663106900145,
    "mean_true": 31.139497763578273,
    "mean_pred": 22.898482906729292,
    "median_abs_error": 10.3584542925965
  },
  "ntu_above_400": {
    "n": 71,
    "nse": -0.1295772665989543,
    "log_nse": -2.1963836418390374,
    "rmse": 3476.182705629315,
    "mape_pct": 77.0982213054097,
    "within_2x_pct": 12.676056338028168,
    "bias_pct": -86.73898296936208,
    "spearman_rho": 0.47611224469647573,
    "mean_true": 1405.6338028169014,
    "mean_pred": 186.40133797995267,
    "median_abs_error": 624.7669064025745
  },
  "by_organization": {
    "42SRBCWQ_WQX": {
      "n": 494,
      "nse": 0.3777981668025694,
      "log_nse": -3.1375703183373505,
      "rmse": 17.86302005533716,
      "mape_pct": 995.5600849330689,
      "within_2x_pct": 9.919028340080972,
      "bias_pct": 195.65904413308778,
      "spearman_rho": 0.6371171692495765,
      "mean_true": 5.109392712550608,
      "mean_pred": 15.106381654932772,
      "median_abs_error": 12.589945275626857
    },
    "CEDEN": {
      "n": 200,
      "nse": -0.08029044475643743,
      "log_nse": 0.09509596107726159,
      "rmse": 398.66674250025545,
      "mape_pct": 58.59435190541399,
      "within_2x_pct": 36.5,
      "bias_pct": -71.41121798128613,
      "spearman_rho": 0.807753896192939,
      "mean_true": 209.253,
      "mean_pred": 59.82288403761933,
      "median_abs_error": 60.77012304454455
    },
    "UMC": {
      "n": 636,
      "nse": -13.608720950275073,
      "log_nse": -4.321172923043897,
      "rmse": 14.341516301082066,
      "mape_pct": 698.0356179214717,
      "within_2x_pct": 4.716981132075472,
      "bias_pct": 480.6104409236296,
      "spearman_rho": 0.5903510494299008,
      "mean_true": 2.821176100628931,
      "mean_pred": 16.380042997093696,
      "median_abs_error": 13.755212753643207
    },
    "UMRR_LTRM": {
      "n": 9625,
      "nse": 0.2680954598146379,
      "log_nse": 0.3735182485860753,
      "rmse": 51.951740584185394,
      "mape_pct": 53.7449949508587,
      "within_2x_pct": 58.02597402597402,
      "bias_pct": -25.072949151910183,
      "spearman_rho": 0.7360676052592697,
      "mean_true": 30.645640519480523,
      "mean_pred": 22.961874654753988,
      "median_abs_error": 9.554525502335386
    }
  },
  "n_total": 11026,
  "n_below_400": 10955,
  "n_above_400": 71,
  "n_sites": 260,
  "n_watershed_matched": 63
}